order_item_id,order_id,product_id,unit_price,quantity
0,0,13,240,3
1,1,5,330,3
2,2,7,320,3
4,4,2,280,2
6,6,10,330,2
9,9,16,380,3
10,10,12,300,3
11,11,3,290,1
12,12,9,310,3
13,13,9,310,2
14,14,9,310,2
15,15,4,310,3
17,17,4,310,2
21,21,14,380,3
23,23,16,380,1
27,27,7,320,1
28,28,12,300,3
30,30,11,250,1
31,31,9,310,3
32,32,2,280,1
33,33,3,290,2
38,38,4,310,1
41,41,3,290,2
42,42,10,330,1
43,43,6,220,2
44,44,7,320,1
46,46,4,310,1
47,47,7,320,2
49,49,3,290,2
52,52,12,300,2
53,53,3,290,1
56,56,16,380,1
57,57,14,380,2
58,58,10,330,2
59,59,7,320,3
60,60,1,180,3
61,61,4,310,2
63,63,11,250,2
65,65,10,330,3
66,66,16,380,3
71,71,4,310,1
72,72,16,380,2
73,73,5,330,3
75,75,4,310,2
78,78,3,290,1
81,81,9,310,1
82,82,14,380,1
83,83,8,320,3
90,90,4,310,3
91,91,12,300,2
92,92,6,220,3
93,93,5,330,1
96,96,16,380,3
97,97,16,380,2
98,98,15,380,2
100,100,16,380,3
102,102,10,330,1
103,103,9,310,3
104,104,10,330,3
105,105,2,280,1
106,106,12,300,2
107,107,4,310,1
109,109,3,290,3
110,110,2,280,2
112,112,10,330,2
113,113,10,330,2
114,114,12,300,1
117,117,7,320,1
119,119,8,320,3
120,120,10,330,3
121,121,10,330,1
124,124,16,380,2
126,126,16,380,1
130,130,14,380,1
133,133,7,320,1
136,136,3,290,2
138,138,12,300,3
139,139,2,280,3
140,140,1,180,1
141,141,5,330,3
142,142,8,320,2
143,143,13,240,1
144,144,13,240,3
149,149,11,250,1
150,150,9,310,1
151,151,4,310,2
152,152,8,320,3
153,153,16,380,2
154,154,12,300,1
155,155,7,320,1
156,156,14,380,1
157,157,16,380,1
158,158,11,250,3
160,160,12,300,1
161,161,14,380,3
162,162,10,330,3
165,165,5,330,3
166,166,7,320,1
167,167,10,330,3
169,169,11,250,3
171,171,1,180,1
173,173,11,250,2
177,177,13,240,2
179,179,10,330,2
180,180,13,240,1
181,181,14,380,2
182,182,8,320,1
183,183,3,290,1
184,184,15,380,1
186,186,12,300,1
192,192,16,380,3
194,194,8,320,1
195,195,12,300,2
196,196,12,300,2
198,198,6,220,3
202,202,16,380,1
204,204,11,250,1
205,205,6,220,1
206,206,11,250,1
207,207,6,220,3
211,211,1,180,1
213,213,5,330,2
214,214,1,180,1
215,215,14,380,1
217,217,8,320,2
219,219,11,250,2
221,221,1,180,3
222,222,5,330,2
224,224,2,280,2
227,227,9,310,2
229,229,1,180,1
230,230,10,330,1
232,232,2,280,1
234,234,7,320,3
235,235,6,220,1
236,236,11,250,1
238,238,5,330,2
240,240,5,330,1
241,241,14,380,2
242,242,13,240,3
243,243,9,310,3
244,244,15,380,1
245,245,4,310,1
246,246,3,290,1
249,249,8,320,3
250,250,15,380,3
252,252,6,220,3
253,253,7,320,1
254,254,7,320,1
255,255,14,380,1
257,257,3,290,1
258,258,15,380,3
261,261,10,330,2
262,262,13,240,2
263,263,1,180,1
264,264,6,220,2
267,267,4,310,3
268,268,4,310,3
270,270,2,280,3
271,271,3,290,1
273,273,3,290,1
274,274,12,300,3
275,275,14,380,2
279,279,2,280,1
280,280,4,310,1
283,283,14,380,2
288,288,14,380,2
289,289,5,330,1
292,292,8,320,3
294,294,9,310,1
296,296,7,320,3
298,298,16,380,3
303,303,10,330,1
305,305,15,380,3
306,306,8,320,3
309,309,3,290,2
310,310,5,330,3
312,312,13,240,2
314,314,11,250,1
318,318,6,220,3
323,323,5,330,1
324,324,9,310,1
326,326,10,330,3
327,327,7,320,2
328,328,11,250,1
331,331,1,180,1
333,333,7,320,1
336,336,7,320,1
337,337,11,250,3
338,338,13,240,1
339,339,2,280,1
342,342,15,380,1
343,343,7,320,3
344,344,10,330,3
347,347,8,320,1
349,349,8,320,2
350,350,3,290,3
352,352,16,380,1
353,353,14,380,3
354,354,7,320,2
355,355,7,320,1
358,358,4,310,3
359,359,3,290,3
360,360,4,310,1
363,363,8,320,1
364,364,14,380,3
367,367,7,320,1
369,369,13,240,2
370,370,11,250,2
371,371,10,330,1
373,373,12,300,3
377,377,7,320,2
378,378,10,330,1
379,379,14,380,2
380,380,1,180,3
385,385,8,320,1
386,386,15,380,3
388,388,11,250,2
389,389,2,280,1
390,390,8,320,1
391,391,13,240,3
393,393,2,280,1
394,394,3,290,2
395,395,12,300,3
399,399,8,320,3
400,400,7,320,1
403,403,15,380,2
404,404,7,320,2
405,405,7,320,2
406,406,7,320,1
408,408,15,380,2
414,414,4,310,1
415,415,13,240,2
417,417,10,330,2
418,418,13,240,2
419,419,7,320,2
420,420,14,380,1
422,422,15,380,1
424,424,1,180,2
425,425,13,240,2
426,426,4,310,2
428,428,15,380,1
429,429,12,300,3
430,430,13,240,1
431,431,6,220,3
434,434,13,240,3
437,437,9,310,1
439,439,6,220,3
443,443,8,320,3
445,445,9,310,2
446,446,11,250,1
448,448,9,310,2
452,452,5,330,2
453,453,12,300,1
454,454,13,240,1
455,455,16,380,2
457,457,8,320,3
458,458,1,180,2
461,461,13,240,1
462,462,4,310,3
463,463,7,320,1
466,466,4,310,2
468,468,14,380,3
469,469,1,180,3
472,472,16,380,2
474,474,6,220,2
475,475,16,380,1
477,477,8,320,3
478,478,14,380,3
479,479,4,310,3
483,483,2,280,2
484,484,4,310,1
485,485,9,310,3
486,486,13,240,3
487,487,15,380,2
488,488,11,250,3
489,489,8,320,1
490,490,11,250,2
494,494,8,320,2
495,495,16,380,3
496,496,14,380,1
497,497,5,330,3
498,498,4,310,3
499,499,16,380,1
500,500,10,330,3
501,501,14,380,2
502,502,14,380,1
503,503,12,300,3
504,504,5,330,2
505,505,16,380,1
506,506,2,280,2
507,507,13,240,1
509,509,6,220,3
510,510,1,180,1
512,512,12,300,1
513,513,1,180,1
516,516,2,280,3
517,517,7,320,1
518,518,13,240,3
519,519,6,220,1
520,520,2,280,2
521,521,14,380,3
523,523,15,380,3
524,524,10,330,2
526,526,9,310,1
527,527,3,290,3
528,528,13,240,1
529,529,7,320,3
530,530,6,220,2
531,531,16,380,1
532,532,12,300,2
533,533,13,240,1
539,539,5,330,2
540,540,15,380,2
541,541,3,290,3
543,543,8,320,1
544,544,3,290,2
545,545,16,380,2
546,546,12,300,2
547,547,7,320,1
548,548,9,310,2
549,549,13,240,3
551,551,11,250,1
554,554,8,320,1
555,555,10,330,3
560,560,15,380,1
561,561,1,180,1
562,562,8,320,3
564,564,14,380,2
566,566,7,320,3
567,567,5,330,3
568,568,1,180,3
569,569,10,330,1
571,571,2,280,1
572,572,2,280,3
576,576,7,320,1
577,577,15,380,2
578,578,1,180,3
579,579,11,250,2
580,580,1,180,2
581,581,12,300,3
584,584,9,310,2
585,585,2,280,2
587,587,9,310,1
588,588,11,250,2
592,592,5,330,3
593,593,10,330,3
595,595,1,180,1
596,596,6,220,2
597,597,8,320,2
598,598,2,280,2
599,599,5,330,2
600,600,6,220,1
603,603,12,300,3
604,604,5,330,3
605,605,12,300,3
607,607,5,330,1
608,608,2,280,2
610,610,13,240,3
613,613,10,330,1
616,616,4,310,2
617,617,12,300,1
619,619,6,220,1
620,620,15,380,2
622,622,10,330,3
623,623,2,280,3
624,624,7,320,2
625,625,3,290,2
629,629,15,380,3
630,630,10,330,1
631,631,13,240,1
632,632,16,380,3
633,633,2,280,3
636,636,10,330,2
637,637,14,380,1
638,638,3,290,1
640,640,13,240,1
641,641,12,300,1
642,642,16,380,1
643,643,3,290,2
648,648,4,310,1
649,649,15,380,3
650,650,14,380,2
651,651,1,180,3
652,652,7,320,3
655,655,8,320,3
656,656,16,380,2
658,658,7,320,2
660,660,9,310,1
662,662,4,310,2
663,663,6,220,3
665,665,10,330,2
667,667,14,380,2
668,668,16,380,3
669,669,15,380,1
673,673,4,310,3
674,674,14,380,2
675,675,4,310,3
676,676,6,220,1
677,677,2,280,1
680,680,2,280,1
682,682,7,320,3
684,684,2,280,2
685,685,13,240,3
689,689,7,320,1
690,690,4,310,1
691,691,12,300,2
692,692,15,380,1
693,693,3,290,3
694,694,6,220,2
695,695,13,240,2
697,697,10,330,3
698,698,1,180,1
700,700,2,280,1
703,703,16,380,3
704,704,14,380,2
705,705,2,280,3
706,706,4,310,1
707,707,5,330,2
708,708,9,310,1
710,710,16,380,1
712,712,12,300,3
714,714,15,380,1
715,715,3,290,1
716,716,7,320,1
718,718,1,180,1
719,719,8,320,1
720,720,5,330,2
721,721,11,250,3
722,722,12,300,3
723,723,5,330,1
726,726,9,310,2
727,727,3,290,1
728,728,14,380,1
729,729,10,330,3
730,730,5,330,3
731,731,6,220,1
733,733,8,320,2
734,734,9,310,3
735,735,10,330,1
737,737,14,380,1
738,738,3,290,2
739,739,12,300,1
740,740,5,330,1
741,741,16,380,3
745,745,2,280,3
746,746,7,320,1
747,747,5,330,1
748,748,15,380,2
749,749,14,380,3
752,752,3,290,1
753,753,16,380,2
755,755,11,250,2
756,756,9,310,2
757,757,10,330,2
758,758,14,380,2
759,759,5,330,1
760,760,16,380,3
762,762,4,310,2
763,763,10,330,1
765,765,6,220,2
766,766,9,310,1
767,767,7,320,3
768,768,14,380,3
771,771,14,380,2
772,772,12,300,3
773,773,6,220,1
774,774,6,220,1
776,776,7,320,1
777,777,1,180,3
778,778,15,380,3
781,781,11,250,3
782,782,16,380,1
783,783,13,240,2
786,786,3,290,1
789,789,1,180,1
790,790,4,310,2
791,791,14,380,3
792,792,3,290,1
793,793,4,310,2
794,794,12,300,1
796,796,10,330,2
797,797,7,320,3
800,800,9,310,1
801,801,4,310,2
802,802,9,310,1
803,803,1,180,3
804,804,16,380,3
805,805,10,330,2
807,807,5,330,3
808,808,5,330,1
809,809,9,310,1
810,810,13,240,1
811,811,5,330,3
812,812,7,320,2
815,815,7,320,2
816,816,2,280,2
818,818,2,280,2
819,819,2,280,2
820,820,13,240,3
822,822,11,250,2
823,823,15,380,1
824,824,4,310,2
825,825,6,220,3
826,826,15,380,2
828,828,8,320,2
829,829,1,180,3
831,831,1,180,2
833,833,11,250,2
834,834,5,330,3
835,835,10,330,1
838,838,7,320,3
840,840,12,300,1
841,841,16,380,3
842,842,14,380,2
844,844,14,380,3
848,848,7,320,3
850,850,4,310,2
852,852,9,310,2
853,853,12,300,1
855,855,6,220,3
857,857,12,300,2
861,861,5,330,3
862,862,3,290,1
863,863,16,380,2
864,864,8,320,3
865,865,4,310,1
867,867,3,290,1
869,869,1,180,3
873,873,2,280,2
874,874,5,330,2
875,875,14,380,3
876,876,4,310,1
879,879,10,330,3
880,880,4,310,1
881,881,11,250,3
884,884,8,320,1
886,886,14,380,2
887,887,11,250,2
889,889,14,380,1
891,891,5,330,3
892,892,16,380,1
893,893,1,180,1
894,894,13,240,1
896,896,8,320,1
898,898,3,290,2
902,902,4,310,2
903,903,3,290,2
907,907,6,220,2
909,909,13,240,1
913,913,14,380,3
914,914,1,180,2
915,915,5,330,1
917,917,8,320,1
918,918,1,180,1
919,919,7,320,3
924,924,16,380,1
925,925,7,320,2
926,926,11,250,2
928,928,2,280,2
930,930,5,330,3
932,932,10,330,3
933,933,7,320,2
935,935,13,240,2
936,936,3,290,2
937,937,7,320,3
938,938,5,330,2
939,939,16,380,2
942,942,15,380,2
944,944,6,220,1
946,946,5,330,2
949,949,16,380,2
951,951,8,320,1
952,952,5,330,1
954,954,2,280,3
958,958,1,180,1
959,959,14,380,3
963,963,15,380,1
964,964,10,330,1
965,965,12,300,1
966,966,2,280,1
968,968,1,180,1
969,969,5,330,1
970,970,13,240,2
971,971,11,250,3
972,972,10,330,2
973,973,10,330,1
974,974,5,330,3
976,976,3,290,1
977,977,11,250,3
978,978,3,290,2
984,984,15,380,2
985,985,7,320,1
988,988,10,330,2
989,989,4,310,2
992,992,1,180,3
997,997,15,380,2
998,998,5,330,1
999,999,15,380,3
1000,1000,16,380,2
1001,1001,3,290,2
1003,1003,2,280,1
1005,1005,3,290,2
1006,1006,1,180,3
1008,1008,15,380,1
1010,1010,3,290,2
1011,1011,2,280,2
1012,1012,14,380,3
1013,1013,3,290,3
1015,1015,13,240,3
1016,1016,8,320,1
1018,1018,2,280,2
1019,1019,2,280,3
1020,1020,6,220,1
1021,1021,7,320,1
1025,1025,10,330,2
1029,1029,13,240,3
1030,1030,12,300,3
1032,1032,12,300,1
1038,1038,9,310,1
1040,1040,4,310,2
1042,1042,3,290,1
1045,1045,15,380,3
1047,1047,8,320,3
1048,1048,15,380,1
1049,1049,4,310,3
1050,1050,5,330,2
1051,1051,6,220,3
1052,1052,3,290,3
1053,1053,16,380,2
1054,1054,9,310,3
1056,1056,15,380,2
1057,1057,9,310,2
1059,1059,13,240,2
1061,1061,12,300,1
1063,1063,3,290,1
1064,1064,6,220,2
1065,1065,12,300,3
1066,1066,14,380,1
1067,1067,6,220,1
1068,1068,3,290,1
1069,1069,12,300,2
1071,1071,12,300,2
1072,1072,4,310,3
1073,1073,8,320,2
1075,1075,15,380,2
1079,1079,5,330,1
1081,1081,8,320,1
1083,1083,4,310,3
1084,1084,13,240,2
1086,1086,10,330,2
1089,1089,6,220,1
1091,1091,10,330,1
1092,1092,13,240,3
1093,1093,5,330,3
1095,1095,6,220,2
1096,1096,15,380,3
1098,1098,4,310,1
1099,1099,2,280,2
1100,1100,15,380,1
1102,1102,14,380,2
1103,1103,15,380,2
1105,1105,1,180,1
1106,1106,13,240,2
1108,1108,3,290,3
1109,1109,12,300,3
1110,1110,2,280,3
1111,1111,10,330,2
1113,1113,2,280,1
1115,1115,10,330,2
1116,1116,11,250,3
1118,1118,6,220,1
1119,1119,4,310,1
1120,1120,10,330,3
1121,1121,8,320,2
1123,1123,11,250,1
1125,1125,4,310,1
1127,1127,13,240,3
1129,1129,1,180,3
1130,1130,14,380,1
1132,1132,11,250,2
1135,1135,11,250,1
1138,1138,4,310,1
1139,1139,5,330,3
1141,1141,7,320,3
1144,1144,4,310,1
1145,1145,16,380,3
1147,1147,10,330,3
1148,1148,1,180,3
1149,1149,8,320,3
1150,1150,2,280,1
1151,1151,4,310,3
1152,1152,1,180,3
1155,1155,9,310,2
1156,1156,9,310,2
1160,1160,7,320,2
1163,1163,7,320,2
1164,1164,8,320,1
1166,1166,16,380,3
1167,1167,1,180,3
1168,1168,1,180,3
1171,1171,4,310,1
1172,1172,8,320,3
1173,1173,6,220,1
1174,1174,7,320,1
1175,1175,2,280,3
1176,1176,9,310,1
1180,1180,10,330,3
1181,1181,2,280,1
1182,1182,4,310,3
1183,1183,1,180,2
1185,1185,6,220,1
1186,1186,8,320,3
1187,1187,5,330,3
1190,1190,9,310,3
1191,1191,7,320,2
1192,1192,9,310,1
1194,1194,2,280,1
1196,1196,11,250,1
1197,1197,5,330,1
1199,1199,16,380,1
1201,1201,1,180,1
1202,1202,16,380,2
1207,1207,2,280,2
1208,1208,1,180,3
1210,1210,2,280,1
1212,1212,11,250,3
1213,1213,13,240,3
1214,1214,11,250,1
1217,1217,6,220,3
1219,1219,11,250,3
1220,1220,13,240,1
1221,1221,9,310,2
1222,1222,6,220,3
1223,1223,11,250,2
1224,1224,14,380,1
1226,1226,7,320,1
1228,1228,9,310,1
1230,1230,10,330,2
1232,1232,12,300,3
1234,1234,10,330,3
1235,1235,1,180,3
1236,1236,10,330,2
1237,1237,8,320,3
1240,1240,16,380,2
1243,1243,14,380,3
1244,1244,6,220,3
1245,1245,11,250,3
1247,1247,14,380,3
1250,1250,12,300,1
1251,1251,9,310,2
1252,1252,5,330,2
1253,1253,11,250,3
1254,1254,8,320,2
1256,1256,2,280,3
1260,1260,14,380,2
1261,1261,1,180,2
1262,1262,16,380,1
1263,1263,10,330,1
1264,1264,13,240,3
1265,1265,3,290,1
1266,1266,12,300,3
1267,1267,7,320,1
1269,1269,13,240,3
1270,1270,4,310,2
1272,1272,1,180,1
1273,1273,6,220,3
1274,1274,7,320,2
1277,1277,13,240,3
1278,1278,16,380,2
1282,1282,14,380,1
1283,1283,3,290,2
1284,1284,15,380,3
1285,1285,9,310,2
1287,1287,6,220,3
1289,1289,14,380,1
1290,1290,10,330,3
1293,1293,13,240,3
1295,1295,1,180,3
1296,1296,10,330,1
1297,1297,1,180,3
1299,1299,9,310,3
1300,1300,15,380,1
1301,1301,16,380,2
1302,1302,6,220,1
1304,1304,3,290,3
1305,1305,7,320,2
1309,1309,3,290,2
1310,1310,15,380,1
1311,1311,15,380,1
1312,1312,2,280,2
1314,1314,11,250,2
1322,1322,5,330,1
1323,1323,4,310,1
1326,1326,10,330,1
1327,1327,5,330,2
1329,1329,12,300,2
1330,1330,11,250,2
1334,1334,10,330,2
1337,1337,15,380,3
1341,1341,7,320,1
1342,1342,16,380,3
1343,1343,10,330,1
1344,1344,1,180,1
1346,1346,12,300,2
1347,1347,8,320,2
1349,1349,2,280,3
1350,1350,16,380,2
1351,1351,4,310,3
1352,1352,16,380,1
1353,1353,13,240,3
1355,1355,11,250,3
1356,1356,6,220,3
1358,1358,1,180,3
1359,1359,10,330,3
1361,1361,9,310,1
1363,1363,11,250,1
1366,1366,3,290,1
1368,1368,4,310,2
1369,1369,16,380,3
1370,1370,11,250,3
1373,1373,11,250,3
1374,1374,6,220,2
1375,1375,1,180,3
1377,1377,15,380,1
1378,1378,4,310,2
1380,1380,8,320,2
1381,1381,12,300,2
1385,1385,8,320,1
1386,1386,14,380,1
1387,1387,7,320,2
1389,1389,5,330,3
1391,1391,10,330,1
1392,1392,8,320,3
1394,1394,1,180,1
1396,1396,2,280,3
1400,1400,8,320,3
1401,1401,14,380,1
1402,1402,10,330,3
1407,1407,14,380,2
1409,1409,12,300,2
1412,1412,9,310,2
1414,1414,8,320,1
1416,1416,1,180,1
1417,1417,10,330,3
1418,1418,13,240,1
1419,1419,6,220,3
1423,1423,6,220,3
1428,1428,3,290,1
1429,1429,16,380,2
1431,1431,3,290,3
1432,1432,11,250,3
1435,1435,13,240,1
1436,1436,1,180,1
1437,1437,1,180,1
1438,1438,1,180,2
1440,1440,10,330,3
1441,1441,7,320,1
1443,1443,6,220,2
1444,1444,16,380,2
1445,1445,13,240,3
1446,1446,16,380,3
1447,1447,4,310,3
1448,1448,10,330,3
1449,1449,14,380,1
1450,1450,9,310,2
1451,1451,12,300,3
1453,1453,1,180,1
1456,1456,7,320,3
1460,1460,6,220,1
1461,1461,3,290,3
1462,1462,5,330,3
1463,1463,7,320,3
1464,1464,8,320,2
1465,1465,6,220,3
1467,1467,11,250,2
1468,1468,10,330,1
1471,1471,12,300,1
1472,1472,16,380,1
1477,1477,10,330,2
1479,1479,3,290,3
1480,1480,3,290,2
1481,1481,15,380,3
1482,1482,5,330,2
1483,1483,7,320,3
1488,1488,1,180,2
1489,1489,10,330,2
1490,1490,5,330,1
1493,1493,2,280,1
1495,1495,10,330,1
1498,1498,5,330,3
1499,1499,13,240,2
1500,1500,9,310,3
1501,1501,1,180,3
1502,1502,12,300,3
1503,1503,11,250,3
1505,1505,5,330,3
1506,1506,9,310,1
1507,1507,15,380,1
1508,1508,15,380,2
1510,1510,13,240,2
1511,1511,1,180,2
1512,1512,1,180,2
1513,1513,6,220,3
1514,1514,15,380,2
1515,1515,13,240,1
1517,1517,1,180,3
1518,1518,10,330,3
1519,1519,4,310,2
1522,1522,7,320,3
1523,1523,15,380,3
1526,1526,8,320,1
1527,1527,7,320,3
1529,1529,16,380,2
1530,1530,8,320,3
1531,1531,16,380,2
1532,1532,10,330,1
1533,1533,6,220,3
1535,1535,3,290,3
1536,1536,9,310,3
1539,1539,7,320,1
1540,1540,13,240,2
1541,1541,13,240,3
1542,1542,2,280,3
1546,1546,11,250,1
1547,1547,1,180,1
1548,1548,16,380,2
1549,1549,6,220,1
1550,1550,13,240,3
1551,1551,9,310,3
1554,1554,13,240,3
1555,1555,16,380,3
1557,1557,10,330,2
1558,1558,14,380,2
1560,1560,16,380,2
1561,1561,11,250,3
1565,1565,11,250,1
1566,1566,3,290,1
1569,1569,12,300,1
1570,1570,10,330,3
1571,1571,15,380,3
1572,1572,12,300,1
1573,1573,15,380,1
1574,1574,5,330,1
1575,1575,12,300,2
1576,1576,5,330,2
1577,1577,7,320,1
1579,1579,15,380,3
1580,1580,3,290,1
1581,1581,16,380,1
1582,1582,13,240,1
1583,1583,2,280,2
1584,1584,5,330,2
1586,1586,11,250,2
1587,1587,4,310,2
1591,1591,9,310,2
1592,1592,4,310,3
1596,1596,3,290,2
1597,1597,5,330,1
1598,1598,16,380,2
1599,1599,10,330,2
1601,1601,15,380,3
1604,1604,12,300,3
1609,1609,13,240,3
1611,1611,1,180,2
1613,1613,12,300,2
1614,1614,13,240,1
1615,1615,15,380,1
1620,1620,9,310,2
1621,1621,16,380,3
1622,1622,1,180,3
1624,1624,15,380,1
1625,1625,13,240,3
1626,1626,12,300,1
1630,1630,13,240,2
1631,1631,4,310,1
1632,1632,4,310,2
1633,1633,7,320,1
1636,1636,16,380,1
1639,1639,2,280,1
1640,1640,4,310,3
1641,1641,14,380,3
1642,1642,5,330,3
1645,1645,13,240,2
1651,1651,15,380,2
1652,1652,1,180,2
1653,1653,6,220,1
1654,1654,1,180,3
1655,1655,5,330,3
1656,1656,4,310,1
1657,1657,7,320,3
1659,1659,13,240,1
1661,1661,6,220,3
1662,1662,8,320,2
1666,1666,15,380,3
1668,1668,6,220,2
1673,1673,7,320,1
1674,1674,12,300,2
1675,1675,11,250,3
1680,1680,11,250,2
1681,1681,7,320,2
1682,1682,15,380,1
1683,1683,6,220,1
1684,1684,4,310,2
1687,1687,3,290,2
1688,1688,15,380,1
1690,1690,10,330,3
1691,1691,2,280,1
1693,1693,2,280,2
1694,1694,1,180,1
1695,1695,12,300,2
1698,1698,9,310,1
1699,1699,8,320,3
1702,1702,12,300,1
1705,1705,16,380,3
1706,1706,14,380,2
1707,1707,2,280,2
1708,1708,10,330,1
1709,1709,1,180,3
1710,1710,7,320,2
1711,1711,8,320,2
1712,1712,2,280,3
1713,1713,10,330,1
1714,1714,12,300,2
1717,1717,4,310,3
1718,1718,6,220,2
1721,1721,4,310,3
1722,1722,1,180,2
1724,1724,9,310,3
1725,1725,7,320,3
1726,1726,16,380,3
1729,1729,16,380,3
1731,1731,11,250,3
1732,1732,10,330,1
1733,1733,6,220,3
1736,1736,5,330,3
1737,1737,3,290,1
1739,1739,9,310,2
1741,1741,16,380,2
1743,1743,1,180,2
1745,1745,6,220,3
1747,1747,14,380,2
1750,1750,8,320,1
1753,1753,6,220,2
1755,1755,2,280,3
1758,1758,10,330,2
1759,1759,12,300,1
1761,1761,2,280,3
1762,1762,12,300,3
1764,1764,14,380,1
1767,1767,16,380,3
1768,1768,14,380,3
1770,1770,1,180,2
1771,1771,16,380,3
1773,1773,2,280,3
1774,1774,5,330,1
1776,1776,15,380,3
1778,1778,9,310,1
1779,1779,15,380,1
1781,1781,5,330,2
1782,1782,1,180,1
1783,1783,10,330,2
1785,1785,11,250,2
1787,1787,8,320,3
1790,1790,9,310,1
1796,1796,8,320,3
1797,1797,9,310,1
1798,1798,10,330,2
1799,1799,7,320,3
1800,1800,14,380,1
1801,1801,12,300,1
1802,1802,15,380,1
1803,1803,10,330,1
1805,1805,4,310,3
1806,1806,13,240,1
1808,1808,8,320,3
1809,1809,14,380,1
1812,1812,10,330,1
1813,1813,6,220,3
1814,1814,7,320,1
1815,1815,3,290,1
1817,1817,7,320,1
1818,1818,9,310,1
1820,1820,10,330,3
1821,1821,6,220,1
1822,1822,12,300,3
1824,1824,7,320,3
1826,1826,1,180,1
1827,1827,8,320,2
1828,1828,3,290,2
1830,1830,2,280,1
1832,1832,7,320,1
1833,1833,10,330,3
1836,1836,6,220,3
1837,1837,4,310,2
1839,1839,3,290,3
1840,1840,8,320,3
1841,1841,11,250,2
1843,1843,10,330,1
1845,1845,15,380,1
1847,1847,4,310,2
1848,1848,13,240,3
1849,1849,8,320,3
1850,1850,6,220,2
1851,1851,15,380,2
1853,1853,2,280,1
1854,1854,13,240,1
1855,1855,14,380,1
1856,1856,2,280,2
1860,1860,14,380,1
1861,1861,4,310,1
1862,1862,6,220,3
1865,1865,4,310,1
1866,1866,14,380,2
1869,1869,5,330,2
1871,1871,7,320,1
1873,1873,15,380,1
1875,1875,11,250,3
1878,1878,7,320,2
1879,1879,13,240,2
1880,1880,1,180,1
1882,1882,7,320,2
1883,1883,2,280,2
1884,1884,7,320,2
1885,1885,1,180,2
1887,1887,10,330,2
1888,1888,15,380,2
1893,1893,4,310,2
1896,1896,7,320,2
1897,1897,15,380,2
1899,1899,12,300,2
1900,1900,13,240,1
1903,1903,5,330,3
1905,1905,16,380,3
1907,1907,5,330,3
1908,1908,14,380,1
1910,1910,1,180,1
1911,1911,4,310,1
1912,1912,10,330,2
1914,1914,13,240,3
1917,1917,5,330,1
1918,1918,1,180,3
1920,1920,7,320,1
1921,1921,9,310,1
1923,1923,7,320,1
1924,1924,14,380,2
1925,1925,7,320,2
1928,1928,3,290,1
1929,1929,12,300,1
1931,1931,2,280,3
1932,1932,7,320,2
1933,1933,11,250,2
1934,1934,16,380,3
1936,1936,1,180,1
1937,1937,16,380,1
1939,1939,2,280,2
1940,1940,11,250,1
1942,1942,13,240,1
1943,1943,16,380,1
1946,1946,11,250,3
1950,1950,10,330,2
1951,1951,2,280,1
1954,1954,8,320,3
1959,1959,8,320,1
1961,1961,10,330,2
1962,1962,10,330,1
1963,1963,15,380,3
1965,1965,14,380,2
1966,1966,10,330,1
1969,1969,7,320,3
1970,1970,14,380,2
1971,1971,11,250,2
1973,1973,2,280,1
1975,1975,4,310,3
1976,1976,3,290,3
1977,1977,6,220,3
1979,1979,11,250,3
1980,1980,5,330,3
1981,1981,9,310,3
1982,1982,6,220,1
1988,1988,1,180,3
1989,1989,12,300,3
1990,1990,13,240,2
1993,1993,1,180,2
1995,1995,9,310,2
1996,1996,11,250,1
1998,1998,13,240,2
1999,1999,5,330,2
2001,2001,8,320,3
2003,2003,12,300,2
2005,2005,3,290,2
2006,2006,10,330,1
2007,2007,9,310,2
2009,2009,9,310,2
2015,2015,5,330,2
2019,2019,14,380,1
2026,2026,8,320,2
2027,2027,10,330,2
2029,2029,8,320,3
2032,2032,6,220,2
2034,2034,9,310,3
2035,2035,5,330,3
2037,2037,15,380,2
2038,2038,16,380,3
2041,2041,7,320,1
2043,2043,7,320,3
2044,2044,15,380,3
2046,2046,12,300,1
2047,2047,6,220,2
2048,2048,5,330,2
2050,2050,16,380,2
2051,2051,10,330,2
2052,2052,1,180,3
2054,2054,11,250,1
2055,2055,13,240,3
2056,2056,10,330,2
2058,2058,2,280,1
2059,2059,13,240,1
2060,2060,3,290,2
2061,2061,9,310,2
2062,2062,9,310,3
2064,2064,4,310,1
2065,2065,1,180,3
2067,2067,14,380,2
2068,2068,1,180,2
2069,2069,1,180,3
2072,2072,11,250,2
2073,2073,12,300,2
2074,2074,15,380,1
2076,2076,3,290,2
2078,2078,1,180,3
2080,2080,4,310,3
2087,2087,5,330,3
2088,2088,9,310,1
2092,2092,14,380,1
2096,2096,4,310,2
2099,2099,15,380,2
2100,2100,7,320,2
2102,2102,4,310,2
2104,2104,2,280,3
2106,2106,13,240,3
2109,2109,7,320,1
2110,2110,8,320,3
2112,2112,1,180,1
2113,2113,3,290,3
2114,2114,10,330,3
2117,2117,1,180,1
2119,2119,7,320,1
2120,2120,5,330,2
2121,2121,8,320,1
2122,2122,3,290,2
2123,2123,10,330,1
2124,2124,2,280,1
2125,2125,3,290,3
2128,2128,3,290,1
2132,2132,6,220,2
2133,2133,12,300,2
2135,2135,7,320,2
2136,2136,15,380,1
2137,2137,14,380,3
2139,2139,14,380,3
2140,2140,12,300,2
2145,2145,12,300,3
2146,2146,10,330,3
2147,2147,1,180,3
2148,2148,12,300,3
2149,2149,6,220,2
2150,2150,10,330,3
2151,2151,15,380,2
2152,2152,5,330,2
2155,2155,16,380,1
2156,2156,8,320,2
2158,2158,5,330,2
2159,2159,13,240,3
2160,2160,8,320,3
2161,2161,4,310,1
2162,2162,15,380,1
2163,2163,4,310,2
2164,2164,11,250,2
2165,2165,8,320,1
2167,2167,4,310,2
2169,2169,7,320,3
2170,2170,10,330,1
2175,2175,10,330,3
2176,2176,8,320,2
2177,2177,2,280,3
2178,2178,13,240,3
2179,2179,6,220,1
2181,2181,12,300,3
2183,2183,7,320,3
2184,2184,16,380,2
2187,2187,15,380,1
2188,2188,6,220,2
2191,2191,16,380,2
2194,2194,5,330,3
2196,2196,13,240,3
2198,2198,7,320,2
2199,2199,16,380,3
2200,2200,16,380,1
2201,2201,10,330,3
2204,2204,11,250,3
2205,2205,7,320,3
2206,2206,11,250,3
2207,2207,11,250,1
2209,2209,11,250,2
2212,2212,9,310,2
2213,2213,6,220,1
2215,2215,15,380,2
2218,2218,6,220,3
2220,2220,16,380,1
2221,2221,3,290,3
2222,2222,5,330,2
2223,2223,6,220,2
2224,2224,6,220,2
2227,2227,16,380,2
2228,2228,9,310,1
2230,2230,13,240,2
2231,2231,4,310,1
2233,2233,8,320,1
2236,2236,15,380,3
2238,2238,11,250,3
2239,2239,10,330,3
2244,2244,3,290,2
2245,2245,6,220,1
2247,2247,12,300,2
2248,2248,7,320,1
2249,2249,11,250,1
2251,2251,14,380,3
2252,2252,13,240,2
2253,2253,8,320,3
2254,2254,8,320,3
2255,2255,6,220,3
2256,2256,2,280,3
2257,2257,3,290,3
2258,2258,13,240,2
2260,2260,2,280,3
2261,2261,7,320,3
2262,2262,10,330,1
2264,2264,4,310,2
2266,2266,8,320,3
2268,2268,3,290,1
2269,2269,6,220,3
2271,2271,4,310,1
2273,2273,5,330,3
2274,2274,6,220,2
2275,2275,16,380,3
2277,2277,2,280,2
2280,2280,3,290,1
2281,2281,5,330,2
2282,2282,12,300,1
2283,2283,3,290,1
2285,2285,5,330,1
2286,2286,1,180,1
2287,2287,2,280,1
2288,2288,13,240,2
2292,2292,12,300,3
2293,2293,14,380,3
2294,2294,14,380,2
2296,2296,10,330,1
2297,2297,4,310,3
2298,2298,12,300,1
2299,2299,2,280,1
2301,2301,16,380,1
2302,2302,12,300,1
2304,2304,2,280,2
2306,2306,3,290,3
2307,2307,2,280,1
2308,2308,12,300,3
2309,2309,16,380,2
2310,2310,10,330,2
2311,2311,16,380,3
2312,2312,5,330,2
2315,2315,12,300,2
2317,2317,11,250,3
2318,2318,2,280,1
2319,2319,14,380,2
2320,2320,14,380,2
2322,2322,9,310,3
2323,2323,4,310,1
2324,2324,11,250,3
2325,2325,7,320,3
2326,2326,11,250,2
2327,2327,10,330,1
2328,2328,9,310,1
2330,2330,16,380,1
2331,2331,5,330,1
2334,2334,11,250,2
2335,2335,14,380,2
2336,2336,7,320,1
2337,2337,1,180,2
2338,2338,6,220,2
2339,2339,8,320,2
2341,2341,10,330,2
2342,2342,7,320,3
2343,2343,7,320,3
2344,2344,9,310,1
2348,2348,10,330,2
2349,2349,15,380,2
2350,2350,6,220,3
2353,2353,9,310,2
2354,2354,1,180,3
2355,2355,2,280,1
2360,2360,16,380,2
2363,2363,10,330,2
2365,2365,2,280,1
2366,2366,9,310,1
2367,2367,10,330,3
2368,2368,4,310,1
2370,2370,12,300,3
2371,2371,8,320,2
2374,2374,8,320,3
2381,2381,9,310,2
2383,2383,3,290,1
2384,2384,12,300,1
2385,2385,3,290,2
2386,2386,6,220,3
2388,2388,5,330,3
2389,2389,8,320,2
2390,2390,16,380,2
2391,2391,13,240,1
2392,2392,14,380,2
2395,2395,1,180,3
2396,2396,10,330,2
2397,2397,7,320,2
2399,2399,13,240,3
2400,2400,1,180,1
2405,2405,7,320,2
2408,2408,8,320,1
2409,2409,9,310,2
2410,2410,11,250,3
2412,2412,10,330,2
2413,2413,1,180,1
2416,2416,12,300,1
2417,2417,4,310,2
2418,2418,7,320,1
2419,2419,2,280,3
2420,2420,10,330,1
2421,2421,6,220,3
2422,2422,15,380,3
2423,2423,16,380,1
2424,2424,16,380,2
2427,2427,5,330,2
2428,2428,3,290,2
2430,2430,11,250,3
2433,2433,5,330,3
2436,2436,6,220,2
2438,2438,8,320,2
2440,2440,14,380,2
2442,2442,12,300,3
2444,2444,10,330,3
2448,2448,9,310,3
2449,2449,5,330,2
2451,2451,11,250,3
2452,2452,12,300,1
2454,2454,16,380,3
2455,2455,14,380,1
2457,2457,8,320,1
2459,2459,6,220,2
2461,2461,8,320,3
2462,2462,2,280,3
2463,2463,3,290,1
2464,2464,11,250,2
2466,2466,5,330,3
2467,2467,1,180,1
2468,2468,9,310,1
2470,2470,15,380,2
2472,2472,16,380,1
2474,2474,10,330,3
2478,2478,2,280,1
2479,2479,10,330,1
2480,2480,9,310,3
2481,2481,8,320,2
2483,2483,11,250,3
2484,2484,16,380,2
2487,2487,11,250,1
2489,2489,1,180,2
2490,2490,7,320,1
2494,2494,14,380,1
2496,2496,2,280,3
2498,2498,12,300,2
2501,2501,11,250,2
2503,2503,6,220,1
2504,2504,12,300,1
2505,2505,5,330,2
2507,2507,9,310,1
2510,2510,11,250,2
2511,2511,1,180,1
2512,2512,7,320,1
2515,2515,15,380,2
2516,2516,4,310,3
2518,2518,16,380,3
2519,2519,7,320,3
2520,2520,14,380,2
2521,2521,9,310,2
2522,2522,7,320,3
2526,2526,4,310,2
2527,2527,9,310,3
2529,2529,13,240,3
2530,2530,11,250,2
2532,2532,3,290,3
2534,2534,7,320,2
2535,2535,4,310,3
2541,2541,13,240,1
2542,2542,15,380,3
2543,2543,7,320,2
2544,2544,16,380,1
2545,2545,15,380,2
2546,2546,11,250,3
2550,2550,8,320,1
2552,2552,5,330,3
2553,2553,11,250,1
2554,2554,4,310,3
2555,2555,2,280,2
2556,2556,15,380,3
2557,2557,2,280,2
2558,2558,1,180,2
2559,2559,13,240,3
2560,2560,2,280,1
2562,2562,3,290,2
2563,2563,11,250,3
2564,2564,4,310,3
2565,2565,11,250,2
2567,2567,4,310,1
2570,2570,4,310,3
2572,2572,1,180,1
2574,2574,1,180,1
2575,2575,7,320,2
2576,2576,9,310,3
2577,2577,12,300,1
2579,2579,12,300,2
2580,2580,15,380,1
2581,2581,7,320,3
2582,2582,2,280,3
2583,2583,13,240,2
2584,2584,5,330,1
2585,2585,12,300,3
2587,2587,8,320,2
2588,2588,7,320,1
2589,2589,6,220,3
2590,2590,7,320,2
2591,2591,10,330,2
2592,2592,5,330,1
2593,2593,9,310,1
2594,2594,6,220,2
2595,2595,11,250,1
2596,2596,5,330,1
2598,2598,1,180,3
2599,2599,4,310,1
2602,2602,4,310,2
2603,2603,13,240,2
2605,2605,1,180,2
2607,2607,13,240,3
2608,2608,1,180,2
2610,2610,11,250,1
2612,2612,16,380,2
2615,2615,12,300,1
2618,2618,2,280,2
2622,2622,6,220,1
2625,2625,8,320,2
2626,2626,10,330,1
2627,2627,10,330,2
2628,2628,10,330,2
2629,2629,4,310,3
2630,2630,2,280,1
2631,2631,16,380,3
2634,2634,15,380,2
2635,2635,15,380,1
2636,2636,10,330,2
2637,2637,2,280,2
2638,2638,2,280,1
2639,2639,8,320,2
2640,2640,7,320,2
2641,2641,11,250,1
2644,2644,15,380,2
2645,2645,1,180,2
2647,2647,15,380,3
2648,2648,8,320,2
2650,2650,1,180,3
2651,2651,11,250,1
2653,2653,12,300,1
2654,2654,4,310,2
2656,2656,16,380,2
2658,2658,2,280,1
2662,2662,12,300,1
2663,2663,9,310,2
2664,2664,10,330,3
2665,2665,6,220,3
2666,2666,16,380,1
2667,2667,7,320,3
2669,2669,13,240,1
2671,2671,10,330,1
2675,2675,3,290,1
2676,2676,10,330,1
2677,2677,9,310,3
2678,2678,9,310,1
2681,2681,15,380,1
2683,2683,6,220,1
2685,2685,4,310,1
2686,2686,4,310,1
2689,2689,13,240,3
2691,2691,7,320,1
2692,2692,12,300,1
2697,2697,12,300,3
2699,2699,13,240,2
2700,2700,10,330,3
2703,2703,2,280,1
2705,2705,1,180,2
2708,2708,14,380,2
2709,2709,2,280,2
2711,2711,13,240,3
2714,2714,11,250,1
2715,2715,4,310,1
2716,2716,2,280,2
2718,2718,15,380,2
2720,2720,10,330,3
2722,2722,6,220,3
2723,2723,16,380,2
2726,2726,9,310,3
2732,2732,12,300,1
2733,2733,9,310,2
2734,2734,3,290,2
2737,2737,13,240,1
2739,2739,1,180,2
2742,2742,12,300,3
2745,2745,5,330,3
2746,2746,5,330,3
2748,2748,16,380,3
2750,2750,9,310,1
2751,2751,6,220,2
2752,2752,10,330,3
2755,2755,14,380,2
2756,2756,9,310,1
2760,2760,8,320,3
2761,2761,4,310,2
2764,2764,12,300,3
2765,2765,14,380,3
2767,2767,10,330,2
2768,2768,6,220,3
2769,2769,4,310,2
2770,2770,3,290,2
2771,2771,1,180,1
2772,2772,2,280,1
2776,2776,2,280,3
2778,2778,11,250,1
2780,2780,9,310,1
2782,2782,14,380,1
2783,2783,10,330,1
2784,2784,2,280,3
2785,2785,5,330,1
2786,2786,11,250,3
2787,2787,6,220,1
2789,2789,15,380,3
2793,2793,14,380,1
2795,2795,16,380,1
2796,2796,3,290,1
2798,2798,5,330,1
2799,2799,7,320,1
2800,2800,16,380,1
2801,2801,10,330,2
2802,2802,15,380,2
2803,2803,8,320,2
2804,2804,10,330,3
2808,2808,10,330,1
2810,2810,12,300,3
2813,2813,4,310,1
2814,2814,10,330,3
2816,2816,6,220,1
2818,2818,15,380,3
2819,2819,9,310,2
2821,2821,2,280,3
2825,2825,8,320,2
2832,2832,10,330,3
2833,2833,5,330,3
2836,2836,1,180,3
2838,2838,11,250,2
2839,2839,9,310,1
2842,2842,16,380,3
2845,2845,12,300,3
2846,2846,11,250,2
2847,2847,13,240,2
2848,2848,12,300,2
2849,2849,4,310,1
2850,2850,13,240,2
2851,2851,15,380,2
2852,2852,1,180,2
2853,2853,11,250,1
2855,2855,9,310,1
2856,2856,3,290,3
2857,2857,6,220,2
2859,2859,15,380,2
2860,2860,9,310,3
2863,2863,9,310,1
2864,2864,15,380,1
2865,2865,11,250,1
2867,2867,4,310,1
2869,2869,10,330,1
2870,2870,12,300,1
2871,2871,9,310,3
2873,2873,7,320,3
2874,2874,1,180,1
2875,2875,11,250,2
2876,2876,10,330,3
2877,2877,8,320,3
2878,2878,13,240,1
2879,2879,6,220,1
2881,2881,15,380,3
2882,2882,14,380,3
2883,2883,10,330,2
2884,2884,16,380,2
2885,2885,14,380,1
2887,2887,6,220,1
2889,2889,14,380,1
2892,2892,9,310,1
2893,2893,3,290,1
2894,2894,11,250,1
2896,2896,13,240,1
2897,2897,12,300,2
2898,2898,9,310,2
2899,2899,2,280,1
2901,2901,7,320,2
2902,2902,16,380,2
2903,2903,1,180,1
2904,2904,1,180,2
2908,2908,11,250,1
2909,2909,13,240,2
2911,2911,4,310,3
2915,2915,16,380,3
2917,2917,16,380,1
2918,2918,4,310,3
2921,2921,11,250,1
2922,2922,8,320,2
2924,2924,16,380,3
2928,2928,3,290,1
2929,2929,13,240,3
2930,2930,2,280,3
2932,2932,16,380,2
2933,2933,5,330,3
2937,2937,11,250,3
2938,2938,10,330,3
2940,2940,12,300,1
2943,2943,16,380,2
2944,2944,4,310,2
2945,2945,4,310,3
2946,2946,15,380,1
2947,2947,10,330,3
2948,2948,1,180,3
2949,2949,15,380,3
2951,2951,13,240,1
2953,2953,4,310,1
2955,2955,7,320,1
2958,2958,6,220,3
2961,2961,14,380,1
2962,2962,9,310,3
2964,2964,12,300,3
2965,2965,1,180,1
2968,2968,9,310,3
2969,2969,11,250,2
2970,2970,1,180,3
2971,2971,16,380,1
2972,2972,1,180,1
2976,2976,5,330,1
2977,2977,8,320,3
2979,2979,5,330,2
2980,2980,10,330,1
2981,2981,1,180,1
2984,2984,12,300,1
2985,2985,3,290,3
2986,2986,10,330,3
2987,2987,14,380,1
2991,2991,1,180,1
2992,2992,8,320,2
2994,2994,3,290,2
2995,2995,9,310,2
2997,2997,14,380,3
2999,2999,16,380,1
3000,3000,9,310,1
3001,3001,4,310,2
3002,3002,5,330,3
3003,3003,12,300,3
3010,3010,9,310,3
3013,3013,12,300,2
3014,3014,11,250,2
3015,3015,1,180,3
3018,3018,2,280,2
3020,3020,7,320,3
3021,3021,7,320,2
3023,3023,16,380,1
3024,3024,1,180,1
3028,3028,9,310,1
3029,3029,13,240,3
3030,3030,13,240,1
3032,3032,7,320,3
3033,3033,13,240,3
3035,3035,2,280,3
3037,3037,1,180,1
3039,3039,6,220,3
3040,3040,1,180,1
3042,3042,11,250,2
3043,3043,5,330,1
3045,3045,16,380,1
3048,3048,13,240,1
3049,3049,7,320,3
3050,3050,3,290,3
3051,3051,13,240,2
3052,3052,11,250,3
3056,3056,9,310,3
3058,3058,1,180,1
3060,3060,7,320,3
3062,3062,13,240,2
3064,3064,7,320,3
3066,3066,3,290,2
3070,3070,12,300,2
3073,3073,5,330,2
3077,3077,9,310,1
3078,3078,1,180,1
3079,3079,4,310,1
3082,3082,4,310,3
3085,3085,16,380,2
3086,3086,9,310,1
3089,3089,3,290,1
3090,3090,13,240,1
3091,3091,6,220,1
3092,3092,15,380,3
3097,3097,3,290,2
3098,3098,12,300,3
3102,3102,3,290,2
3103,3103,3,290,2
3104,3104,8,320,3
3106,3106,11,250,3
3107,3107,2,280,3
3108,3108,6,220,1
3109,3109,3,290,3
3110,3110,9,310,1
3111,3111,2,280,3
3112,3112,15,380,3
3113,3113,5,330,2
3118,3118,14,380,2
3121,3121,8,320,1
3123,3123,13,240,1
3126,3126,8,320,3
3133,3133,16,380,3
3135,3135,9,310,3
3136,3136,4,310,1
3140,3140,3,290,3
3141,3141,15,380,1
3142,3142,8,320,1
3143,3143,15,380,3
3144,3144,3,290,3
3145,3145,1,180,1
3147,3147,4,310,2
3149,3149,1,180,3
3152,3152,7,320,1
3153,3153,7,320,3
3155,3155,6,220,1
3156,3156,1,180,1
3157,3157,13,240,2
3159,3159,4,310,3
3161,3161,6,220,3
3162,3162,15,380,3
3163,3163,14,380,3
3166,3166,14,380,2
3167,3167,3,290,2
3168,3168,14,380,3
3169,3169,11,250,2
3171,3171,9,310,2
3172,3172,13,240,3
3174,3174,3,290,1
3175,3175,15,380,1
3176,3176,12,300,3
3177,3177,9,310,2
3178,3178,16,380,3
3180,3180,11,250,1
3182,3182,16,380,1
3184,3184,1,180,1
3185,3185,12,300,2
3187,3187,12,300,1
3189,3189,13,240,1
3191,3191,13,240,1
3192,3192,16,380,2
3193,3193,9,310,1
3195,3195,11,250,3
3196,3196,16,380,2
3199,3199,1,180,3
3201,3201,15,380,1
3203,3203,5,330,1
3204,3204,7,320,3
3205,3205,4,310,2
3206,3206,5,330,1
3207,3207,2,280,3
3208,3208,16,380,1
3209,3209,7,320,2
3210,3210,1,180,2
3211,3211,15,380,3
3212,3212,2,280,3
3213,3213,13,240,1
3214,3214,1,180,1
3215,3215,9,310,3
3216,3216,16,380,2
3217,3217,16,380,2
3218,3218,11,250,1
3221,3221,12,300,2
3223,3223,9,310,2
3224,3224,10,330,1
3225,3225,16,380,2
3230,3230,5,330,3
3231,3231,4,310,1
3233,3233,3,290,2
3235,3235,4,310,2
3236,3236,4,310,1
3238,3238,13,240,2
3239,3239,10,330,2
3240,3240,10,330,2
3242,3242,3,290,2
3243,3243,8,320,3
3244,3244,4,310,3
3245,3245,4,310,2
3247,3247,15,380,1
3248,3248,15,380,2
3249,3249,14,380,3
3250,3250,1,180,2
3251,3251,7,320,3
3255,3255,3,290,1
3257,3257,13,240,1
3258,3258,10,330,3
3261,3261,13,240,3
3263,3263,13,240,2
3265,3265,2,280,3
3266,3266,7,320,1
3268,3268,10,330,3
3270,3270,13,240,2
3271,3271,3,290,3
3272,3272,3,290,1
3274,3274,6,220,3
3276,3276,16,380,2
3277,3277,14,380,1
3279,3279,8,320,2
3280,3280,3,290,1
3281,3281,3,290,3
3282,3282,7,320,2
3283,3283,4,310,1
3285,3285,8,320,2
3286,3286,12,300,3
3288,3288,4,310,1
3290,3290,7,320,1
3291,3291,9,310,2
3293,3293,13,240,1
3295,3295,11,250,1
3298,3298,2,280,1
3302,3302,9,310,2
3303,3303,12,300,1
3304,3304,3,290,3
3307,3307,3,290,2
3308,3308,7,320,1
3310,3310,7,320,1
3311,3311,14,380,1
3314,3314,2,280,1
3315,3315,1,180,2
3318,3318,5,330,1
3319,3319,8,320,3
3320,3320,5,330,2
3321,3321,4,310,1
3322,3322,12,300,2
3326,3326,4,310,2
3327,3327,12,300,1
3330,3330,14,380,2
3331,3331,11,250,3
3334,3334,12,300,1
3337,3337,3,290,1
3338,3338,4,310,2
3340,3340,6,220,2
3341,3341,13,240,2
3345,3345,3,290,3
3346,3346,12,300,2
3348,3348,3,290,1
3349,3349,16,380,2
3350,3350,10,330,3
3352,3352,5,330,1
3353,3353,14,380,1
3355,3355,15,380,3
3356,3356,13,240,1
3357,3357,10,330,1
3358,3358,14,380,2
3359,3359,16,380,2
3360,3360,15,380,3
3362,3362,3,290,1
3363,3363,7,320,1
3365,3365,5,330,2
3367,3367,12,300,2
3368,3368,4,310,1
3369,3369,13,240,2
3371,3371,6,220,1
3374,3374,9,310,2
3375,3375,4,310,1
3377,3377,1,180,2
3380,3380,6,220,1
3385,3385,12,300,1
3386,3386,2,280,3
3387,3387,13,240,3
3389,3389,10,330,1
3391,3391,7,320,3
3392,3392,1,180,3
3393,3393,9,310,2
3394,3394,13,240,2
3395,3395,4,310,2
3399,3399,13,240,3
3400,3400,11,250,2
3401,3401,15,380,2
3403,3403,11,250,3
3404,3404,5,330,3
3407,3407,15,380,1
3408,3408,6,220,2
3412,3412,12,300,2
3413,3413,3,290,1
3417,3417,8,320,3
3418,3418,13,240,3
3428,3428,13,240,1
3429,3429,12,300,1
3431,3431,12,300,2
3432,3432,6,220,3
3433,3433,1,180,2
3434,3434,11,250,3
3436,3436,11,250,1
3437,3437,13,240,1
3440,3440,11,250,3
3441,3441,12,300,2
3442,3442,9,310,1
3443,3443,7,320,2
3445,3445,6,220,3
3446,3446,4,310,3
3447,3447,3,290,2
3449,3449,10,330,3
3450,3450,3,290,3
3452,3452,5,330,3
3453,3453,13,240,3
3454,3454,6,220,2
3455,3455,4,310,2
3456,3456,7,320,2
3457,3457,10,330,1
3458,3458,11,250,2
3459,3459,10,330,3
3460,3460,8,320,3
3462,3462,1,180,2
3465,3465,12,300,2
3466,3466,3,290,2
3471,3471,12,300,3
3472,3472,4,310,2
3474,3474,16,380,1
3477,3477,7,320,2
3481,3481,12,300,1
3482,3482,14,380,3
3483,3483,3,290,2
3486,3486,10,330,3
3487,3487,1,180,1
3489,3489,15,380,3
3492,3492,14,380,2
3494,3494,13,240,3
3497,3497,16,380,2
3498,3498,4,310,2
3499,3499,1,180,2
3501,3501,6,220,2
3502,3502,6,220,2
3503,3503,8,320,2
3504,3504,7,320,3
3506,3506,5,330,3
3510,3510,12,300,3
3511,3511,15,380,1
3512,3512,5,330,2
3513,3513,9,310,1
3514,3514,14,380,1
3515,3515,16,380,2
3518,3518,7,320,1
3520,3520,3,290,3
3521,3521,14,380,3
3522,3522,10,330,2
3523,3523,14,380,3
3525,3525,13,240,3
3526,3526,15,380,1
3528,3528,11,250,3
3531,3531,1,180,2
3532,3532,10,330,2
3534,3534,14,380,2
3538,3538,4,310,2
3540,3540,9,310,2
3541,3541,2,280,3
3542,3542,16,380,2
3543,3543,13,240,1
3544,3544,12,300,1
3545,3545,9,310,1
3546,3546,1,180,2
3547,3547,7,320,2
3548,3548,12,300,1
3550,3550,14,380,1
3552,3552,9,310,3
3556,3556,7,320,2
3557,3557,13,240,2
3558,3558,16,380,2
3559,3559,15,380,3
3562,3562,9,310,3
3563,3563,7,320,1
3565,3565,4,310,1
3567,3567,13,240,3
3568,3568,8,320,2
3571,3571,3,290,1
3575,3575,4,310,2
3577,3577,15,380,2
3578,3578,16,380,1
3581,3581,3,290,1
3582,3582,14,380,3
3584,3584,7,320,2
3585,3585,3,290,3
3586,3586,3,290,2
3587,3587,2,280,2
3590,3590,13,240,2
3593,3593,6,220,2
3594,3594,9,310,3
3595,3595,5,330,2
3597,3597,16,380,3
3598,3598,6,220,2
3599,3599,5,330,2
3600,3600,7,320,3
3601,3601,16,380,3
3602,3602,6,220,1
3605,3605,6,220,3
3606,3606,16,380,3
3609,3609,13,240,1
3610,3610,6,220,1
3611,3611,5,330,2
3612,3612,8,320,3
3613,3613,4,310,1
3614,3614,2,280,2
3616,3616,8,320,1
3620,3620,16,380,1
3624,3624,11,250,2
3626,3626,1,180,1
3627,3627,10,330,2
3628,3628,11,250,2
3633,3633,5,330,1
3634,3634,7,320,1
3635,3635,2,280,2
3641,3641,12,300,3
3642,3642,1,180,3
3644,3644,8,320,2
3645,3645,5,330,3
3646,3646,15,380,3
3647,3647,16,380,3
3650,3650,13,240,1
3651,3651,1,180,1
3652,3652,4,310,3
3653,3653,12,300,1
3656,3656,14,380,2
3657,3657,5,330,2
3658,3658,14,380,2
3659,3659,12,300,2
3660,3660,9,310,1
3661,3661,3,290,3
3662,3662,3,290,2
3664,3664,4,310,1
3665,3665,6,220,3
3668,3668,3,290,3
3669,3669,7,320,3
3672,3672,16,380,2
3674,3674,14,380,2
3675,3675,14,380,1
3676,3676,11,250,3
3678,3678,4,310,2
3679,3679,9,310,2
3681,3681,15,380,1
3682,3682,16,380,1
3683,3683,14,380,2
3684,3684,7,320,3
3688,3688,16,380,2
3689,3689,9,310,1
3690,3690,12,300,2
3694,3694,16,380,1
3695,3695,15,380,1
3696,3696,8,320,1
3697,3697,12,300,2
3700,3700,8,320,1
3701,3701,8,320,3
3703,3703,5,330,2
3704,3704,6,220,1
3705,3705,7,320,2
3706,3706,11,250,3
3707,3707,5,330,1
3709,3709,4,310,1
3714,3714,10,330,1
3716,3716,1,180,2
3717,3717,9,310,2
3718,3718,12,300,3
3719,3719,14,380,1
3720,3720,16,380,3
3723,3723,2,280,1
3725,3725,7,320,2
3726,3726,7,320,3
3727,3727,2,280,3
3729,3729,11,250,2
3730,3730,14,380,3
3732,3732,10,330,3
3733,3733,12,300,3
3734,3734,1,180,2
3735,3735,4,310,1
3738,3738,16,380,1
3739,3739,2,280,2
3740,3740,7,320,1
3742,3742,5,330,3
3745,3745,9,310,1
3748,3748,15,380,2
3750,3750,16,380,2
3751,3751,14,380,1
3752,3752,8,320,1
3756,3756,4,310,2
3758,3758,4,310,1
3759,3759,7,320,2
3760,3760,7,320,2
3761,3761,16,380,3
3764,3764,10,330,1
3766,3766,14,380,3
3768,3768,13,240,2
3769,3769,14,380,1
3771,3771,8,320,1
3772,3772,6,220,2
3775,3775,12,300,3
3776,3776,16,380,3
3778,3778,10,330,1
3781,3781,6,220,1
3784,3784,14,380,1
3785,3785,11,250,1
3786,3786,9,310,2
3788,3788,12,300,2
3789,3789,15,380,1
3790,3790,10,330,3
3793,3793,13,240,1
3798,3798,10,330,1
3799,3799,4,310,1
3801,3801,1,180,3
3802,3802,2,280,3
3803,3803,3,290,2
3805,3805,2,280,2
3806,3806,8,320,3
3807,3807,6,220,1
3810,3810,5,330,2
3812,3812,6,220,2
3813,3813,9,310,1
3815,3815,7,320,2
3818,3818,5,330,2
3820,3820,14,380,3
3822,3822,3,290,2
3823,3823,11,250,1
3824,3824,16,380,1
3825,3825,11,250,1
3827,3827,10,330,3
3828,3828,3,290,1
3829,3829,2,280,3
3831,3831,1,180,1
3832,3832,5,330,1
3836,3836,7,320,2
3837,3837,6,220,1
3839,3839,8,320,2
3840,3840,13,240,3
3842,3842,6,220,1
3845,3845,14,380,3
3852,3852,15,380,2
3853,3853,10,330,3
3855,3855,8,320,3
3861,3861,13,240,2
3862,3862,3,290,3
3865,3865,8,320,2
3866,3866,12,300,1
3867,3867,4,310,3
3870,3870,9,310,3
3872,3872,16,380,3
3873,3873,9,310,3
3874,3874,2,280,2
3875,3875,12,300,3
3876,3876,3,290,2
3877,3877,16,380,1
3878,3878,9,310,3
3879,3879,12,300,3
3880,3880,11,250,3
3882,3882,1,180,3
3884,3884,7,320,3
3885,3885,5,330,3
3887,3887,13,240,1
3889,3889,11,250,1
3890,3890,9,310,1
3892,3892,1,180,1
3893,3893,4,310,1
3894,3894,14,380,2
3897,3897,4,310,2
3898,3898,4,310,2
3899,3899,16,380,2
3900,3900,9,310,3
3904,3904,12,300,1
3906,3906,1,180,1
3910,3910,10,330,1
3911,3911,1,180,1
3912,3912,16,380,3
3913,3913,2,280,3
3917,3917,9,310,1
3920,3920,13,240,3
3927,3927,10,330,3
3928,3928,12,300,2
3929,3929,11,250,2
3930,3930,16,380,1
3931,3931,9,310,2
3934,3934,5,330,2
3935,3935,10,330,1
3938,3938,14,380,1
3939,3939,14,380,2
3943,3943,10,330,3
3944,3944,2,280,3
3945,3945,16,380,3
3946,3946,1,180,1
3948,3948,14,380,1
3950,3950,16,380,1
3952,3952,12,300,2
3954,3954,15,380,2
3955,3955,12,300,3
3957,3957,4,310,3
3958,3958,1,180,3
3959,3959,2,280,2
3960,3960,5,330,1
3961,3961,13,240,2
3962,3962,11,250,2
3963,3963,2,280,3
3965,3965,3,290,2
3967,3967,3,290,2
3968,3968,16,380,3
3970,3970,15,380,1
3971,3971,1,180,1
3972,3972,2,280,1
3973,3973,8,320,3
3974,3974,2,280,1
3976,3976,6,220,1
3978,3978,1,180,2
3979,3979,11,250,3
3982,3982,8,320,3
3983,3983,15,380,1
3984,3984,11,250,3
3985,3985,13,240,1
3986,3986,13,240,1
3988,3988,4,310,2
3990,3990,15,380,3
3994,3994,4,310,2
3996,3996,1,180,1
3997,3997,12,300,3
3998,3998,8,320,3
4000,4000,4,310,2
4001,4001,13,240,1
4002,4002,6,220,3
4004,4004,15,380,1
4005,4005,16,380,1
4006,4006,2,280,3
4007,4007,16,380,1
4010,4010,2,280,3
4011,4011,7,320,1
4012,4012,6,220,3
4014,4014,14,380,1
4016,4016,9,310,2
4017,4017,2,280,2
4018,4018,8,320,3
4023,4023,7,320,1
4024,4024,4,310,1
4027,4027,12,300,1
4028,4028,14,380,2
4030,4030,6,220,1
4032,4032,9,310,3
4033,4033,7,320,2
4034,4034,16,380,2
4038,4038,13,240,2
4039,4039,5,330,3
4041,4041,3,290,3
4044,4044,16,380,3
4045,4045,13,240,2
4046,4046,4,310,2
4050,4050,3,290,3
4051,4051,3,290,2
4053,4053,16,380,3
4054,4054,5,330,3
4055,4055,14,380,1
4058,4058,3,290,1
4059,4059,13,240,2
4062,4062,4,310,1
4063,4063,15,380,3
4065,4065,8,320,1
4066,4066,7,320,2
4068,4068,15,380,1
4069,4069,5,330,3
4070,4070,16,380,2
4074,4074,13,240,3
4075,4075,13,240,1
4076,4076,3,290,3
4078,4078,11,250,2
4079,4079,10,330,1
4080,4080,12,300,2
4081,4081,1,180,2
4082,4082,6,220,2
4083,4083,10,330,1
4085,4085,14,380,2
4086,4086,15,380,2
4089,4089,12,300,2
4090,4090,8,320,3
4091,4091,2,280,1
4092,4092,2,280,3
4094,4094,5,330,1
4095,4095,8,320,2
4098,4098,6,220,2
4099,4099,10,330,1
4100,4100,5,330,2
4103,4103,14,380,2
4106,4106,4,310,1
4107,4107,8,320,2
4108,4108,1,180,3
4109,4109,14,380,1
4110,4110,3,290,1
4111,4111,8,320,2
4114,4114,1,180,2
4115,4115,9,310,2
4116,4116,5,330,3
4118,4118,11,250,3
4119,4119,13,240,2
4120,4120,2,280,1
4121,4121,16,380,2
4122,4122,5,330,3
4123,4123,5,330,1
4124,4124,16,380,3
4125,4125,5,330,2
4126,4126,4,310,2
4129,4129,11,250,1
4130,4130,15,380,2
4131,4131,6,220,3
4132,4132,15,380,3
4137,4137,4,310,2
4138,4138,14,380,2
4139,4139,11,250,3
4144,4144,7,320,2
4145,4145,7,320,1
4146,4146,6,220,3
4149,4149,6,220,2
4151,4151,14,380,2
4152,4152,6,220,1
4156,4156,16,380,3
4158,4158,3,290,2
4159,4159,10,330,1
4162,4162,7,320,1
4163,4163,5,330,2
4164,4164,8,320,2
4165,4165,12,300,2
4166,4166,2,280,2
4167,4167,1,180,1
4169,4169,6,220,3
4172,4172,9,310,1
4174,4174,10,330,1
4175,4175,15,380,3
4176,4176,5,330,1
4177,4177,13,240,2
4179,4179,3,290,3
4180,4180,5,330,2
4182,4182,4,310,1
4183,4183,5,330,1
4184,4184,2,280,1
4185,4185,12,300,2
4186,4186,16,380,1
4187,4187,1,180,2
4188,4188,7,320,1
4189,4189,13,240,3
4190,4190,3,290,2
4191,4191,11,250,3
4192,4192,7,320,3
4195,4195,9,310,1
4196,4196,15,380,3
4198,4198,8,320,1
4199,4199,8,320,2
4200,4200,15,380,1
4201,4201,2,280,1
4202,4202,5,330,2
4204,4204,15,380,3
4206,4206,9,310,1
4207,4207,11,250,2
4208,4208,4,310,2
4209,4209,8,320,1
4211,4211,2,280,3
4214,4214,9,310,1
4215,4215,12,300,1
4216,4216,4,310,2
4219,4219,1,180,2
4220,4220,2,280,2
4221,4221,16,380,1
4223,4223,15,380,1
4224,4224,1,180,2
4228,4228,11,250,1
4229,4229,7,320,3
4230,4230,7,320,1
4231,4231,12,300,3
4232,4232,13,240,2
4233,4233,10,330,2
4235,4235,11,250,1
4242,4242,1,180,2
4244,4244,6,220,2
4245,4245,11,250,2
4246,4246,5,330,3
4248,4248,3,290,1
4249,4249,3,290,3
4250,4250,3,290,1
4252,4252,6,220,2
4253,4253,10,330,2
4255,4255,14,380,2
4256,4256,13,240,2
4257,4257,8,320,2
4259,4259,7,320,1
4260,4260,2,280,3
4263,4263,1,180,1
4264,4264,4,310,1
4265,4265,8,320,3
4269,4269,13,240,1
4270,4270,5,330,1
4271,4271,5,330,1
4272,4272,5,330,1
4273,4273,1,180,3
4275,4275,2,280,3
4280,4280,3,290,1
4281,4281,9,310,2
4282,4282,14,380,1
4283,4283,5,330,2
4284,4284,15,380,1
4285,4285,8,320,3
4287,4287,14,380,1
4288,4288,5,330,2
4289,4289,10,330,3
4293,4293,6,220,3
4297,4297,6,220,1
4300,4300,5,330,1
4301,4301,15,380,3
4302,4302,15,380,2
4304,4304,5,330,2
4305,4305,16,380,3
4306,4306,2,280,2
4308,4308,11,250,1
4311,4311,8,320,1
4312,4312,8,320,1
4313,4313,15,380,1
4315,4315,10,330,2
4316,4316,7,320,2
4317,4317,5,330,3
4320,4320,3,290,2
4323,4323,14,380,2
4324,4324,14,380,2
4325,4325,1,180,1
4326,4326,16,380,2
4327,4327,3,290,3
4330,4330,5,330,1
4333,4333,12,300,2
4336,4336,16,380,1
4337,4337,2,280,3
4338,4338,1,180,2
4339,4339,4,310,1
4340,4340,8,320,3
4341,4341,5,330,2
4342,4342,4,310,1
4343,4343,14,380,1
4344,4344,11,250,1
4345,4345,11,250,2
4346,4346,10,330,3
4348,4348,4,310,1
4350,4350,10,330,2
4352,4352,3,290,1
4353,4353,15,380,3
4356,4356,6,220,3
4357,4357,8,320,2
4359,4359,12,300,2
4361,4361,16,380,1
4362,4362,15,380,3
4363,4363,9,310,1
4367,4367,3,290,1
4368,4368,10,330,3
4369,4369,11,250,3
4371,4371,10,330,1
4372,4372,9,310,3
4373,4373,5,330,3
4374,4374,16,380,2
4376,4376,1,180,3
4377,4377,2,280,1
4378,4378,1,180,2
4380,4380,13,240,2
4381,4381,6,220,1
4384,4384,2,280,3
4385,4385,12,300,1
4387,4387,5,330,2
4388,4388,10,330,2
4389,4389,7,320,1
4390,4390,15,380,3
4391,4391,6,220,1
4393,4393,5,330,1
4396,4396,2,280,2
4397,4397,2,280,3
4399,4399,13,240,3
4400,4400,13,240,3
4403,4403,13,240,3
4404,4404,13,240,2
4406,4406,14,380,1
4407,4407,14,380,2
4409,4409,3,290,3
4412,4412,5,330,1
4413,4413,8,320,1
4415,4415,3,290,1
4417,4417,1,180,2
4421,4421,8,320,2
4422,4422,6,220,3
4425,4425,6,220,3
4426,4426,5,330,3
4427,4427,3,290,3
4429,4429,4,310,1
4430,4430,3,290,2
4433,4433,10,330,2
4435,4435,9,310,3
4436,4436,15,380,1
4440,4440,5,330,1
4442,4442,8,320,3
4443,4443,12,300,1
4444,4444,6,220,2
4446,4446,13,240,3
4448,4448,16,380,3
4449,4449,1,180,1
4450,4450,2,280,2
4455,4455,1,180,1
4456,4456,11,250,1
4457,4457,15,380,1
4460,4460,16,380,3
4461,4461,13,240,1
4464,4464,1,180,3
4465,4465,1,180,1
4466,4466,8,320,1
4467,4467,3,290,3
4470,4470,10,330,3
4472,4472,15,380,3
4473,4473,14,380,2
4474,4474,16,380,2
4475,4475,10,330,3
4476,4476,2,280,3
4477,4477,6,220,1
4481,4481,2,280,2
4482,4482,8,320,2
4484,4484,15,380,2
4486,4486,2,280,3
4491,4491,7,320,3
4493,4493,1,180,2
4494,4494,4,310,1
4498,4498,6,220,3
4502,4502,1,180,3
4504,4504,15,380,3
4505,4505,7,320,2
4508,4508,14,380,1
4510,4510,10,330,1
4511,4511,12,300,1
4515,4515,5,330,1
4517,4517,3,290,1
4519,4519,7,320,3
4520,4520,7,320,1
4521,4521,7,320,2
4524,4524,4,310,2
4526,4526,1,180,1
4528,4528,10,330,1
4529,4529,10,330,1
4532,4532,11,250,1
4533,4533,12,300,1
4534,4534,2,280,1
4536,4536,6,220,1
4538,4538,1,180,2
4539,4539,13,240,3
4541,4541,10,330,3
4542,4542,5,330,2
4543,4543,12,300,2
4544,4544,13,240,3
4545,4545,7,320,1
4547,4547,7,320,1
4548,4548,16,380,2
4551,4551,10,330,1
4553,4553,15,380,3
4556,4556,4,310,1
4557,4557,13,240,3
4558,4558,5,330,3
4560,4560,1,180,2
4561,4561,1,180,1
4562,4562,12,300,3
4563,4563,14,380,2
4564,4564,9,310,3
4566,4566,13,240,2
4567,4567,7,320,3
4571,4571,14,380,3
4576,4576,4,310,3
4579,4579,6,220,2
4580,4580,13,240,2
4581,4581,15,380,1
4582,4582,4,310,3
4585,4585,11,250,1
4586,4586,1,180,3
4589,4589,3,290,2
4590,4590,9,310,1
4591,4591,6,220,2
4592,4592,10,330,2
4594,4594,14,380,3
4595,4595,11,250,1
4596,4596,6,220,3
4597,4597,4,310,3
4598,4598,1,180,2
4599,4599,16,380,3
4605,4605,6,220,3
4609,4609,7,320,2
4616,4616,14,380,2
4621,4621,15,380,1
4622,4622,5,330,1
4623,4623,12,300,3
4625,4625,12,300,2
4629,4629,1,180,2
4630,4630,1,180,3
4631,4631,13,240,2
4632,4632,15,380,1
4633,4633,13,240,3
4636,4636,12,300,2
4638,4638,4,310,3
4640,4640,1,180,3
4642,4642,13,240,2
4643,4643,2,280,2
4646,4646,7,320,2
4647,4647,13,240,1
4649,4649,3,290,2
4651,4651,11,250,3
4652,4652,1,180,2
4653,4653,7,320,3
4654,4654,5,330,2
4655,4655,4,310,1
4656,4656,13,240,1
4661,4661,7,320,3
4662,4662,12,300,1
4665,4665,9,310,1
4666,4666,13,240,3
4668,4668,12,300,3
4669,4669,1,180,3
4670,4670,14,380,2
4674,4674,1,180,1
4675,4675,1,180,2
4676,4676,13,240,1
4677,4677,14,380,3
4680,4680,4,310,1
4681,4681,14,380,3
4682,4682,4,310,2
4684,4684,3,290,2
4685,4685,16,380,3
4687,4687,16,380,1
4688,4688,6,220,3
4691,4691,14,380,2
4695,4695,8,320,2
4696,4696,16,380,3
4697,4697,4,310,3
4698,4698,15,380,3
4699,4699,10,330,3
4703,4703,14,380,1
4704,4704,4,310,3
4706,4706,16,380,3
4707,4707,10,330,1
4710,4710,9,310,1
4711,4711,9,310,3
4712,4712,4,310,1
4713,4713,2,280,3
4716,4716,3,290,3
4720,4720,12,300,2
4721,4721,8,320,2
4722,4722,13,240,1
4725,4725,16,380,3
4726,4726,14,380,1
4727,4727,9,310,2
4729,4729,3,290,1
4731,4731,4,310,2
4734,4734,5,330,2
4737,4737,6,220,2
4740,4740,10,330,1
4744,4744,15,380,1
4745,4745,1,180,1
4746,4746,15,380,3
4748,4748,2,280,2
4750,4750,12,300,1
4751,4751,11,250,2
4753,4753,5,330,1
4754,4754,4,310,3
4755,4755,13,240,3
4757,4757,14,380,2
4759,4759,1,180,3
4760,4760,8,320,1
4761,4761,2,280,1
4762,4762,11,250,1
4763,4763,2,280,1
4766,4766,16,380,3
4767,4767,12,300,3
4770,4770,12,300,3
4771,4771,6,220,3
4772,4772,3,290,2
4775,4775,4,310,1
4776,4776,9,310,2
4777,4777,3,290,3
4778,4778,9,310,2
4780,4780,11,250,2
4782,4782,3,290,1
4783,4783,1,180,2
4784,4784,3,290,2
4788,4788,13,240,2
4790,4790,8,320,2
4793,4793,9,310,2
4795,4795,2,280,1
4796,4796,9,310,3
4797,4797,4,310,2
4798,4798,12,300,2
4800,4800,4,310,2
4801,4801,5,330,2
4804,4804,10,330,2
4806,4806,14,380,1
4807,4807,3,290,2
4808,4808,3,290,1
4809,4809,6,220,1
4810,4810,8,320,1
4811,4811,11,250,2
4812,4812,13,240,1
4813,4813,9,310,1
4814,4814,12,300,2
4815,4815,5,330,1
4816,4816,9,310,2
4817,4817,9,310,2
4818,4818,7,320,3
4819,4819,8,320,1
4820,4820,7,320,3
4821,4821,10,330,2
4822,4822,7,320,3
4823,4823,14,380,1
4825,4825,9,310,2
4826,4826,6,220,3
4828,4828,3,290,2
4829,4829,8,320,3
4832,4832,3,290,1
4833,4833,7,320,1
4834,4834,7,320,1
4837,4837,15,380,1
4839,4839,5,330,1
4840,4840,7,320,3
4843,4843,3,290,3
4844,4844,10,330,1
4847,4847,6,220,2
4849,4849,1,180,1
4854,4854,1,180,2
4855,4855,10,330,3
4857,4857,15,380,3
4858,4858,8,320,3
4861,4861,7,320,3
4862,4862,12,300,1
4863,4863,3,290,3
4864,4864,13,240,1
4865,4865,2,280,3
4866,4866,8,320,2
4868,4868,15,380,3
4869,4869,7,320,1
4870,4870,2,280,3
4873,4873,14,380,2
4874,4874,1,180,3
4875,4875,13,240,1
4876,4876,3,290,2
4877,4877,11,250,2
4878,4878,12,300,1
4879,4879,16,380,2
4882,4882,5,330,2
4884,4884,16,380,3
4885,4885,7,320,1
4886,4886,7,320,3
4888,4888,6,220,3
4889,4889,16,380,2
4890,4890,14,380,1
4892,4892,1,180,3
4893,4893,1,180,3
4894,4894,7,320,3
4896,4896,1,180,1
4901,4901,2,280,3
4904,4904,4,310,3
4908,4908,5,330,1
4909,4909,15,380,2
4910,4910,6,220,1
4911,4911,10,330,1
4913,4913,1,180,1
4917,4917,5,330,3
4918,4918,16,380,1
4919,4919,7,320,1
4920,4920,2,280,3
4921,4921,3,290,2
4923,4923,12,300,3
4924,4924,4,310,2
4926,4926,2,280,1
4927,4927,13,240,1
4929,4929,16,380,3
4935,4935,2,280,2
4936,4936,1,180,3
4937,4937,10,330,1
4938,4938,5,330,3
4940,4940,13,240,2
4943,4943,5,330,3
4944,4944,6,220,3
4945,4945,6,220,1
4946,4946,12,300,3
4948,4948,3,290,2
4949,4949,9,310,3
4956,4956,5,330,2
4957,4957,11,250,3
4959,4959,13,240,2
4960,4960,10,330,3
4961,4961,11,250,1
4963,4963,5,330,3
4966,4966,2,280,3
4967,4967,15,380,2
4968,4968,4,310,1
4970,4970,4,310,1
4972,4972,4,310,1
4975,4975,13,240,1
4981,4981,6,220,1
4982,4982,1,180,3
4984,4984,1,180,3
4985,4985,11,250,1
4987,4987,11,250,1
4988,4988,8,320,3
4989,4989,3,290,1
4991,4991,16,380,1
4992,4992,8,320,1
4993,4993,8,320,3
4994,4994,15,380,2
4997,4997,4,310,2
4999,4999,14,380,2
